lt-0,lt-1,rt-2,rt-3
1,0.868000,1,0.018000
4,0.529000,4,0.594000
19,0.422000,19,0.157000
19,0.422000,19,0.440000
26,0.676000,26,0.394000
26,0.394000,26,0.394000
29,0.291000,29,0.979000
29,0.291000,29,0.578000
29,0.291000,29,0.979000
29,0.291000,29,0.979000
29,0.291000,29,0.578000
29,0.291000,29,0.979000
37,0.491000,37,0.587000
37,0.834000,37,0.587000
43,0.419000,43,0.610000
57,0.153000,57,0.314000
57,0.314000,57,0.314000
61,0.685000,61,0.685000
76,0.927000,76,0.642000
