lt-0,lt-1,rt-2,rt-3
3,0.025000,3,0.025000
3,0.025000,3,0.993000
7,0.232000,7,0.240000
13,0.201000,13,0.377000
13,0.085000,13,0.377000
14,0.193000,14,0.250000
21,0.853000,21,0.562000
31,0.122000,31,0.862000
31,0.122000,31,0.862000
59,0.837000,59,0.239000
