lt-0,lt-1,rt-2,rt-3
3,0.025000,3,0.025000
26,0.394000,26,0.394000
26,0.676000,26,0.394000
29,0.291000,29,0.979000
29,0.291000,29,0.979000
29,0.291000,29,0.979000
29,0.291000,29,0.979000
57,0.153000,57,0.314000
57,0.314000,57,0.314000
61,0.685000,61,0.685000
