lt-0,lt-1,rt-2,rt-3
3,0.025000,3,0.993000
3,0.025000,3,0.025000
3,0.172000,3,0.993000
3,0.172000,3,0.025000
7,0.232000,7,0.240000
11,0.426000,11,0.990000
11,0.426000,11,0.817000
20,0.689000,20,0.423000
20,0.030000,20,0.423000
34,0.859000,34,0.815000
34,0.859000,34,0.907000
59,0.837000,59,0.239000
72,0.643000,72,0.051000
72,0.968000,72,0.051000
